Ticker,Company,Shares,LastPrice,Value,GainLoss$,GainLoss%,CostBasis,Account
NVDA,NVIDIA CORPORATION COM,295.0,202.49,59734.55,7605.31,+14.58%,52129.24,Rollover IRA
SPAXX**,HELD IN MONEY MARKET,,,19525.32,,,,Rollover IRA
AMZN,AMAZON.COM INC,48.0,244.22,11722.56,634.56,+5.72%,11088.0,Rollover IRA
KE,KIMBALL ELECTRONICS INC,250.0,29.075,7268.75,338.75,+4.88%,6930.0,Rollover IRA
IBKR,INTERACTIVE BROKERS GROUP INC COM CL A,100.0,70.36,7036.0,736.0,+11.68%,6300.0,Rollover IRA
CNQ,CANADIAN NATURAL RESOURCES LTD ISIN #CA1363851017 SEDOL #2171573,218.0,32.02,6980.36,414.2,+6.30%,6566.16,Rollover IRA
AU,ANGLOGOLD ASHANTI PLC ORD USD1,100.0,68.0,6800.0,-50.0,-0.73%,6850.0,Rollover IRA
DINO,HF SINCLAIR CORP COM,131.0,51.6,6759.6,-337.98,-4.77%,7097.58,Rollover IRA
IPG,INTERPUBLIC GROUP COS INC COM USD0.10,250.0,25.66,6415.0,165.0,+2.64%,6250.0,Rollover IRA
INVA,INNOVIVA INC COM,300.0,18.2,5460.0,207.0,+3.94%,5253.0,Rollover IRA
XPER,XPERI INC COMMON STOCK,750.0,6.72,5040.0,352.5,+7.52%,4687.5,Rollover IRA
ALL,ALLSTATE CORP COM USD0.01,25.0,191.52,4788.0,-115.0,-2.35%,4903.0,Rollover IRA
SBH,SALLY BEAUTY HOLDINGS INC,300.0,15.11,4533.0,558.0,+14.03%,3975.0,Rollover IRA
MRMD,MARIMED INC COM ISIN #US56782V1070 SEDOL #BNG5ZT3,15858.0,0.122,1934.67,-259.33,-11.82%,2194.0,Rollover IRA
SPAXX**,HELD IN MONEY MARKET,,,547.17,,,,Joint WROS - TOD
